Year,TempAvg,RainfallAnnual,HumidityAvg,Yield_FAO
2012,27.5654,1372.22,80.459,5.6353
2013,27.957,999.95,76.1173,5.5726
2014,28.3391,957.96,73.2029,5.7538
2015,28.3655,1095.19,74.0223,5.7597
2016,28.4988,1452.5,75.6005,5.5738
2017,27.5379,1586.82,80.8799,5.5476
2018,27.3276,2121.76,82.1225,5.818
2019,27.759,2190.52,79.5657,5.8371
2020,27.9445,2987.59,78.8414,5.9212
2021,27.1024,2633.94,82.5644,6.074
2022,27.1027,2444.14,83.7899,6.018
2023,27.9045,2001.71,79.809,6.1135
2000,26.9147,1931.17,81.6624,4.2432
2001,27.2247,1383.76,80.0831,4.2853
2002,27.2985,1256.02,78.9434,4.5903
2003,27.2151,1346.03,79.2835,4.6387
2004,27.1459,1297.23,78.0488,4.855300000000001
2005,27.2024,1342.82,79.5147,4.8891
2006,27.2882,1460.61,79.8153,4.8943
2007,27.1271,1657.69,80.1226,4.9869
2008,27.0783,1449.09,79.7154,5.2336
2009,27.1706,1383.66,80.4943,5.2372
2010,27.684,1461.02,78.4606,5.341600000000001
2011,26.9702,1471.08,80.0963,5.5383
2012,27.2623,1593.35,80.9854,5.6353
2013,27.4468,1191.43,78.3809,5.5726
2014,27.4656,1272.32,77.308,5.7538
2015,27.7157,967.71,76.5282,5.7597
2016,27.6443,1962.53,79.7124,5.5738
2017,27.4471,1602.85,80.3074,5.5476
2018,27.4194,1808.81,79.5593,5.818
2019,27.7207,1554.25,78.9333,5.8371
2020,27.7708,1907.52,78.1198,5.9212
2021,27.2779,1768.75,80.2748,6.074
2022,27.4814,1792.02,80.1769,6.018
2023,27.8247,1904.9,79.9461,6.1135
2000,22.5234,1226.55,80.0251,4.2432
2001,22.5544,1828.64,81.4001,4.2853
2002,22.6193,1381.02,82.6901,4.5903
2003,22.9889,1319.0,79.8336,4.6387
2004,22.5288,1345.06,78.27,4.855300000000001
2005,22.8011,1519.7,78.9022,4.8891
2006,23.0077,1148.34,78.9062,4.8943
2007,22.7881,1336.53,77.3939,4.9869
2008,21.8225,1766.79,80.0201,5.2336
2009,22.6397,1253.5,81.6086,5.2372
2010,22.7586,1310.18,80.5467,5.341600000000001
2011,21.5151,1458.16,79.3604,5.5383
2012,22.5646,1661.13,82.5378,5.6353
2013,22.1373,1962.13,82.9859,5.5726
2014,22.3248,1411.49,83.8741,5.7538
2015,23.1372,1622.86,83.4659,5.7597
2016,22.5368,1547.96,83.2178,5.5738
2017,22.7002,1888.95,83.3035,5.5476
2018,22.5705,1839.07,83.7459,5.818
2019,23.3071,1569.83,84.7491,5.8371
2020,22.6633,1810.43,84.7367,5.9212
2021,22.7858,1592.01,83.2727,6.074
2022,22.2867,1974.08,83.9508,6.018
2023,23.2573,1493.9,82.3044,6.1135
2000,21.8184,1238.45,80.523,4.2432
2001,21.9339,1636.65,80.9945,4.2853
2002,22.0293,1388.97,81.8405,4.5903
2003,22.2587,1262.97,79.8709,4.6387
2004,21.7615,1248.97,78.4728,4.855300000000001
2005,22.0719,1467.72,79.0647,4.8891
2006,22.3537,1112.82,78.7926,4.8943
2007,22.0832,1317.0,77.4812,4.9869
2008,21.1996,1689.25,79.8758,5.2336
2009,22.0151,1190.07,81.1392,5.2372
2010,22.1522,1251.79,79.7505,5.341600000000001
2011,20.9154,1304.58,79.3689,5.5383
2012,21.9793,1475.92,81.6078,5.6353
2013,21.6007,1825.31,82.0762,5.5726
2014,21.7168,1420.89,83.5703,5.7538
2015,22.4367,1585.34,83.3536,5.7597
2016,22.0137,1369.52,82.457,5.5738
2017,22.0695,1904.3,83.1145,5.5476
2018,21.9767,1780.78,83.4897,5.818
2019,22.6772,1659.47,84.3146,5.8371
2020,22.0117,1708.52,84.6642,5.9212
2021,22.1734,1493.63,83.0495,6.074
2022,21.7295,1845.63,83.6733,6.018
2023,22.6769,1398.94,81.6987,6.1135
2000,26.8269,1914.87,83.2893,4.2432
2001,26.9581,1683.01,82.6,4.2853
2002,27.2932,1590.79,79.9627,4.5903
2003,27.2935,1743.21,80.2699,4.6387
2004,27.2898,1393.15,79.1132,4.855300000000001
2005,27.4147,1501.62,79.5656,4.8891
2006,27.1327,1620.52,81.9792,4.8943
2007,27.1644,1789.57,81.1179,4.9869
2008,26.9725,1689.17,81.7152,5.2336
2009,26.9662,1504.06,82.8065,5.2372
2010,27.8474,1502.32,78.6519,5.341600000000001
2011,26.939,1577.04,81.7045,5.5383
2012,27.2077,1599.99,82.5078,5.6353
2013,27.3129,1474.43,80.4899,5.5726
2014,27.5466,1294.39,78.0876,5.7538
2015,27.7196,1301.57,77.9465,5.7597
2016,27.7653,1999.14,80.1197,5.5738
2017,27.1296,2039.32,83.635,5.5476
2018,27.1828,2080.04,82.6739,5.818
2019,27.4629,2142.43,81.4092,5.8371
2020,27.6905,2656.14,80.0399,5.9212
2021,27.082,2300.05,82.8751,6.074
2022,27.0721,2495.54,84.252,6.018
2023,27.5819,2432.66,82.8651,6.1135
2000,23.3985,1305.55,80.6856,4.2432
2001,23.49,1971.34,81.8188,4.2853
2002,23.5929,1370.74,82.9125,4.5903
2003,24.0392,1385.86,79.8619,4.6387
2004,23.4983,1390.31,78.839,4.855300000000001
2005,23.8441,1561.38,78.7095,4.8891
2006,23.9467,1228.6,79.3524,4.8943
2007,23.7101,1350.37,78.3343,4.9869
2008,22.7946,1776.3,80.5393,5.2336
2009,23.6046,1359.44,82.0344,5.2372
2010,23.7649,1361.75,80.9851,5.341600000000001
2011,22.417,1609.91,80.2679,5.5383
2012,23.5157,1817.15,83.1327,5.6353
2013,23.1097,1970.75,83.2662,5.5726
2014,23.3608,1433.13,83.5938,5.7538
2015,24.1942,1608.41,83.0728,5.7597
2016,23.5556,1698.76,82.9704,5.5738
2017,23.6746,2047.74,83.2841,5.5476
2018,23.558,1949.65,83.6064,5.818
2019,24.3532,1528.37,84.2594,5.8371
2020,23.7479,1896.71,84.3527,5.9212
2021,23.719,1804.16,83.3928,6.074
2022,23.2677,2101.15,84.0627,6.018
2023,24.1958,1578.02,82.4939,6.1135
2000,26.8415,1777.11,82.9334,4.2432
2001,27.0229,1479.77,81.9658,4.2853
2002,27.3461,1272.79,79.0346,4.5903
2003,27.2945,1390.95,79.7664,4.6387
2004,27.3082,1294.75,78.4398,4.855300000000001
2005,27.4162,1245.47,78.8569,4.8891
2006,27.209,1324.46,81.1116,4.8943
2007,27.1484,1606.37,80.9035,4.9869
2008,26.9761,1474.86,81.247,5.2336
2009,27.0024,1362.54,82.1931,5.2372
2010,27.7462,1443.66,78.8489,5.341600000000001
2011,26.9334,1387.45,81.2967,5.5383
2012,27.1713,1473.64,82.3121,5.6353
2013,27.3609,1306.21,79.7162,5.5726
2014,27.6891,1095.92,76.5718,5.7538
2015,27.857,1157.92,76.5993,5.7597
2016,27.7713,1642.24,79.7134,5.5738
2017,27.1565,1745.53,83.182,5.5476
2018,27.2031,1888.44,82.2862,5.818
2019,27.4115,1951.67,81.4557,5.8371
2020,27.6423,2700.84,80.1017,5.9212
2021,27.0196,2237.5,83.1631,6.074
2022,27.056,2318.26,84.1816,6.018
2023,27.6123,2093.67,82.3739,6.1135
2000,26.5056,1780.25,83.5633,4.2432
2001,26.941,1209.2,81.659,4.2853
2002,27.035,1583.73,80.5839,4.5903
2003,26.8182,1526.9,81.0768,4.6387
2004,26.5238,1010.01,80.5637,4.855300000000001
2005,26.6177,1876.72,82.2434,4.8891
2006,26.7615,1002.29,81.7209,4.8943
2007,26.6422,1734.89,82.33,4.9869
2008,26.5291,1859.76,82.3903,5.2336
2009,26.6743,1776.97,82.4054,5.2372
2010,27.207,2094.02,81.211,5.341600000000001
2011,26.3724,1266.94,81.7888,5.5383
2012,26.9425,1127.7,82.2508,5.6353
2013,26.7109,1447.93,81.6829,5.5726
2014,26.9282,1151.74,79.6947,5.7538
2015,27.1414,685.18,79.4615,5.7597
2016,26.9422,2421.91,83.743,5.5738
2017,26.7749,2399.67,84.2352,5.5476
2018,26.7567,2368.46,82.2462,5.818
2019,27.0999,2233.46,81.8464,5.8371
2020,26.9719,2054.28,82.2774,5.9212
2021,26.7746,2472.77,82.2704,6.074
2022,26.6882,2616.42,84.1145,6.018
2023,27.2032,2277.22,83.4627,6.1135
2000,26.8562,1926.28,80.5024,4.2432
2001,27.23,1367.99,78.2118,4.2853
2002,28.2761,1044.27,71.0243,4.5903
2003,27.921,1162.12,73.0918,4.6387
2004,28.0312,1345.67,71.9873,4.855300000000001
2005,28.0273,1163.37,73.3222,4.8891
2006,27.8398,1243.26,75.0996,4.8943
2007,27.777,1435.81,74.6883,4.9869
2008,27.3484,1372.28,76.1688,5.2336
2009,27.4736,1208.23,75.9936,5.2372
2010,28.424,1303.31,72.729,5.341600000000001
2011,27.1901,1328.53,76.6546,5.5383
2012,27.5045,1406.84,77.9853,5.6353
2013,28.5151,759.3,68.9926,5.5726
2014,28.9184,770.95,66.1388,5.7538
2015,29.2888,704.48,65.0035,5.7597
2016,29.4974,646.0,66.3967,5.5738
2017,28.3093,1029.27,72.8981,5.5476
2018,27.9737,1417.87,74.9668,5.818
2019,27.9878,1538.92,75.2961,5.8371
2020,28.1392,2437.52,74.8841,5.9212
2021,27.1409,2032.3,79.9267,6.074
2022,27.1213,2207.59,81.0378,6.018
2023,28.0443,1485.16,76.4107,6.1135
2000,26.0068,1560.43,80.1399,4.2432
2001,26.6025,1110.1,76.5442,4.2853
2002,27.6147,822.78,69.3297,4.5903
2003,27.4099,900.05,70.2065,4.6387
2004,27.4819,991.28,68.9663,4.855300000000001
2005,27.4588,883.55,70.5209,4.8891
2006,27.4445,927.92,71.6001,4.8943
2007,27.1374,1117.73,72.6107,4.9869
2008,26.7726,1042.98,73.6655,5.2336
2009,27.0095,956.96,72.9725,5.2372
2010,27.7548,1019.6,70.7641,5.341600000000001
2011,26.6895,1027.45,73.305,5.5383
2012,27.1518,1097.17,74.47,5.6353
2013,27.8733,602.15,66.8862,5.5726
2014,28.1618,554.76,64.695,5.7538
2015,28.5966,491.25,62.9241,5.7597
2016,27.8189,1283.93,71.889,5.5738
2017,26.6283,1568.32,78.2749,5.5476
2018,26.571,1872.78,77.9766,5.818
2019,26.6827,2047.86,77.5239,5.8371
2020,26.9738,2566.55,76.3666,5.9212
2021,26.1674,2276.11,80.3743,6.074
2022,26.2193,2389.35,81.2203,6.018
2023,26.8413,2070.92,78.7315,6.1135
2000,25.4328,1811.76,85.3237,4.2432
2001,25.6618,1263.99,84.2548,4.2853
2002,26.0443,1172.59,80.846,4.5903
2003,25.9924,1247.5,80.9394,4.6387
2004,25.981,1140.8,79.2128,4.855300000000001
2005,26.1219,1239.44,80.4072,4.8891
2006,26.0709,1345.06,81.4503,4.8943
2007,25.8772,1479.29,81.9582,4.9869
2008,25.6488,1353.94,82.8207,5.2336
2009,25.8251,1250.62,82.8705,5.2372
2010,26.4113,1334.5,80.8521,5.341600000000001
2011,25.5732,1367.93,82.6584,5.5383
2012,25.8824,1472.81,83.669,5.6353
2013,26.2208,1012.48,79.7897,5.5726
2014,26.2991,1121.08,78.6059,5.7538
2015,26.5781,1002.56,77.5505,5.7597
2016,26.5118,1684.98,81.3586,5.5738
2017,25.9325,1244.53,84.2145,5.5476
2018,26.1752,1415.06,81.2806,5.818
2019,26.3789,1231.13,81.1632,5.8371
2020,26.5782,1460.3,80.0453,5.9212
2021,25.8635,1511.04,83.3505,6.074
2022,26.0072,1476.96,83.4679,6.018
2023,26.4918,1413.84,82.2991,6.1135
2000,27.1635,2292.33,82.1524,4.2432
2001,27.252,1892.4,81.8281,4.2853
2002,27.6251,1772.77,79.0779,4.5903
2003,27.662,2026.16,79.1598,4.6387
2004,27.6016,1611.03,78.4928,4.855300000000001
2005,27.7128,1834.83,78.8548,4.8891
2006,27.5315,1948.48,80.5875,4.8943
2007,27.523,2049.56,79.8062,4.9869
2008,27.3339,1925.16,80.486,5.2336
2009,27.3493,1708.84,81.5855,5.2372
2010,28.2522,1641.86,77.007,5.341600000000001
2011,27.3245,1860.68,80.4137,5.5383
2012,27.594,1905.78,81.2302,5.6353
2013,27.6904,1658.71,79.3214,5.5726
2014,27.8159,1560.89,77.5413,5.7538
2015,27.9502,1553.99,77.6461,5.7597
2016,28.1395,1938.87,78.4381,5.5738
2017,27.6311,1892.3,81.3353,5.5476
2018,27.7387,1884.38,80.192,5.818
2019,28.0536,1841.13,78.8295,5.8371
2020,28.1143,2236.05,78.3242,5.9212
2021,27.6142,2079.06,80.3249,6.074
2022,27.5937,2253.96,81.7207,6.018
2023,28.0427,2103.7,80.8455,6.1135
2000,26.8919,1562.91,82.1602,4.2432
2001,27.0768,1349.71,81.1372,4.2853
2002,27.6138,1127.6,77.0233,4.5903
2003,27.5253,1229.01,77.9489,4.6387
2004,27.604,1139.65,76.7222,4.855300000000001
2005,27.7469,1088.91,76.7101,4.8891
2006,27.3768,1213.06,79.7407,4.8943
2007,27.3593,1382.58,79.3053,4.9869
2008,27.1105,1327.12,80.0733,5.2336
2009,27.0672,1190.88,81.1515,5.2372
2010,28.0591,1226.94,76.7315,5.341600000000001
2011,26.9952,1310.38,80.5125,5.5383
2012,27.2495,1322.63,81.4879,5.6353
2013,27.6104,1072.57,77.7143,5.5726
2014,28.0015,959.4,74.4839,5.7538
2015,28.1354,1026.62,74.7465,5.7597
2016,28.0051,1782.16,78.3452,5.5738
2017,27.0105,1885.86,83.8731,5.5476
2018,27.0728,2112.46,83.0113,5.818
2019,27.3364,2165.62,81.6321,5.8371
2020,27.7017,2928.21,79.6278,5.9212
2021,26.9067,2458.78,83.5031,6.074
2022,26.8869,2499.49,84.8708,6.018
2023,27.5212,2300.34,82.446,6.1135
2000,20.2691,1159.73,81.0154,4.2432
2001,20.4088,1467.28,81.2718,4.2853
2002,20.5224,1394.21,82.1186,4.5903
2003,20.6524,1199.02,80.732,4.6387
2004,20.3256,1162.73,78.1534,4.855300000000001
2005,20.4694,1417.85,79.7785,4.8891
2006,20.8043,1138.66,79.3606,4.8943
2007,20.4725,1256.88,77.8338,4.9869
2008,19.6507,1622.2,80.301,5.2336
2009,20.5744,1089.33,80.9357,5.2372
2010,20.6449,1240.3,79.7095,5.341600000000001
2011,19.365,1164.24,79.5207,5.5383
2012,20.4063,1394.33,81.9864,5.6353
2013,20.1592,1442.69,81.9486,5.5726
2014,20.237,1425.27,83.9196,5.7538
2015,20.854,1570.12,84.3708,5.7597
2016,20.4307,1258.28,83.544,5.5738
2017,20.5362,1692.71,83.9538,5.5476
2018,20.4051,1622.38,84.2355,5.818
2019,21.0133,1552.81,85.4634,5.8371
2020,20.4158,1524.9,85.4866,5.9212
2021,20.7655,1271.06,83.2008,6.074
2022,20.2631,1609.86,83.4148,6.018
2023,21.3004,1231.93,81.1947,6.1135
2000,24.8488,2606.2,85.8813,4.2432
2001,25.367,2218.42,84.3815,4.2853
2002,25.3157,2003.97,84.7664,4.5903
2003,25.3376,1517.12,83.1086,4.6387
2004,25.089,1428.76,81.8363,4.855300000000001
2005,25.4916,1786.28,81.5638,4.8891
2006,25.3941,1677.31,83.0112,4.8943
2007,25.2852,2497.67,83.6472,4.9869
2008,24.7839,2299.07,85.1188,5.2336
2009,25.2371,2590.23,84.26,5.2372
2010,25.487,2175.72,84.5177,5.341600000000001
2011,24.5001,2887.2,84.9618,5.5383
2012,25.554,1477.25,83.9437,5.6353
2013,25.4268,1934.83,81.8709,5.5726
2014,25.4213,1632.08,81.9397,5.7538
2015,25.7656,1547.9,81.7706,5.7597
2016,25.8132,3204.8,82.8734,5.5738
2017,25.3967,3086.92,85.3067,5.5476
2018,25.2471,2526.87,84.0137,5.818
2019,25.9417,2103.13,83.1221,5.8371
2020,25.6135,3604.15,84.0592,5.9212
2021,25.2531,3420.26,84.2903,6.074
2022,25.2331,3262.14,85.1659,6.018
2023,25.8196,3758.58,84.6874,6.1135
2000,23.4044,1014.92,80.1395,4.2432
2001,24.044,756.18,76.0983,4.2853
2002,24.7445,504.14,70.696,4.5903
2003,24.7184,560.32,70.3322,4.6387
2004,24.5783,472.22,69.7089,4.855300000000001
2005,25.0269,541.3,68.8856,4.8891
2006,24.8529,414.06,70.4221,4.8943
2007,24.6359,673.64,71.1813,4.9869
2008,24.121,699.71,73.853,5.2336
2009,24.2872,614.08,73.6298,5.2372
2010,25.2819,761.22,69.7034,5.341600000000001
2011,23.9017,555.39,74.2541,5.5383
2012,24.8828,584.05,71.7825,5.6353
2013,24.7653,539.45,70.1148,5.5726
2014,25.1453,325.87,67.1673,5.7538
2015,25.4847,423.1,66.3052,5.7597
2016,24.4425,1912.99,78.3033,5.5738
2017,23.0909,1865.79,85.8842,5.5476
2018,22.9659,1938.6,84.4388,5.818
2019,23.2013,2061.49,83.8361,5.8371
2020,23.5286,2315.82,82.5434,5.9212
2021,22.9058,2079.55,85.0215,6.074
2022,22.9533,2089.55,86.1444,6.018
2023,23.4118,2036.08,85.7481,6.1135
2000,23.6125,957.78,81.066,4.2432
2001,24.3836,718.15,76.3188,4.2853
2002,25.1259,445.54,70.7505,4.5903
2003,25.1585,510.16,69.8908,4.6387
2004,25.121,434.65,68.8486,4.855300000000001
2005,25.3047,481.69,69.6836,4.8891
2006,25.3295,365.0,70.1021,4.8943
2007,24.9555,619.76,71.5892,4.9869
2008,24.4501,639.75,74.1008,5.2336
2009,24.5742,565.67,74.0969,5.2372
2010,25.5828,692.61,70.0655,5.341600000000001
2011,24.2093,489.04,74.3604,5.5383
2012,25.3137,515.86,71.5923,5.6353
2013,25.1245,489.92,70.1212,5.5726
2014,25.5561,278.16,66.7156,5.7538
2015,25.9243,266.27,65.7086,5.7597
2016,24.9918,1560.49,76.817,5.5738
2017,23.5101,1959.42,84.9316,5.5476
2018,23.3684,2371.46,84.1973,5.818
2019,23.5992,2512.46,83.4293,5.8371
2020,23.9445,3005.3,81.9006,5.9212
2021,23.2438,2680.45,85.1936,6.074
2022,23.285,2707.27,85.9589,6.018
2023,23.7869,2631.35,84.9771,6.1135
2000,20.0205,1820.8,82.6569,4.2432
2001,20.172,1719.8,83.9559,4.2853
2002,20.3916,1141.03,80.984,4.5903
2003,21.5587,792.31,71.9403,4.6387
2004,21.0333,925.35,72.4249,4.855300000000001
2005,21.2656,1092.92,73.0323,4.8891
2006,21.9435,702.46,69.0667,4.8943
2007,21.478,805.93,68.644,4.9869
2008,20.4181,1158.47,75.5972,5.2336
2009,21.4439,980.97,72.6818,5.2372
2010,21.9299,925.68,70.2365,5.341600000000001
2011,20.1319,1144.8,77.4931,5.5383
2012,21.398,1296.36,76.2605,5.6353
2013,20.5407,1420.13,78.1262,5.5726
2014,20.9114,1289.75,78.2504,5.7538
2015,21.4439,1284.34,76.9773,5.7597
2016,21.1109,1645.31,78.1975,5.5738
2017,20.2363,1972.7,85.2236,5.5476
2018,20.3023,2328.08,85.5663,5.818
2019,21.1443,1733.09,83.8699,5.8371
2020,20.6527,1956.47,83.6705,5.9212
2021,20.3242,1963.84,84.7782,6.074
2022,20.3468,1996.02,85.2207,6.018
2023,21.3157,1181.26,80.2771,6.1135
2000,26.5698,2043.82,82.6805,4.2432
2001,26.8399,1439.11,80.8445,4.2853
2002,27.5679,1194.19,75.0881,4.5903
2003,27.3757,1302.37,76.8193,4.6387
2004,27.4534,1426.13,75.5695,4.855300000000001
2005,27.5105,1315.85,76.323,4.8891
2006,27.2022,1379.24,79.0385,4.8943
2007,27.2447,1670.15,78.214,4.9869
2008,26.8661,1439.49,79.643,5.2336
2009,26.8579,1413.54,80.4865,5.2372
2010,27.868,1533.39,76.2333,5.341600000000001
2011,26.6876,1457.68,80.5408,5.5383
2012,26.9365,1617.72,81.5633,5.6353
2013,27.6513,1012.22,75.1504,5.5726
2014,28.0021,1070.81,72.5129,5.7538
2015,28.3887,981.09,70.9382,5.7597
2016,28.2702,1211.6,74.7113,5.5738
2017,27.5574,1202.31,78.1434,5.5476
2018,27.6795,1396.02,77.0839,5.818
2019,27.6922,1389.34,77.2842,5.8371
2020,28.0316,1999.48,75.8117,5.9212
2021,26.908,1847.94,81.5109,6.074
2022,27.0159,1867.24,81.8637,6.018
2023,27.7201,1509.95,78.8803,6.1135
2000,27.0869,1486.32,80.8021,4.2432
2001,27.3536,1197.93,79.1835,4.2853
2002,28.1421,884.02,73.5195,4.5903
2003,27.9659,969.4,74.8705,4.6387
2004,28.0262,1073.09,74.1832,4.855300000000001
2005,28.1068,922.46,74.2564,4.8891
2006,27.8605,1032.51,76.655,4.8943
2007,27.7008,1207.02,77.0571,4.9869
2008,27.4308,1191.5,77.7824,5.2336
2009,27.4174,1061.85,78.5178,5.2372
2010,28.3705,1128.45,74.6941,5.341600000000001
2011,27.2613,1203.77,78.5014,5.5383
2012,27.5016,1231.09,79.8706,5.6353
2013,28.1387,826.84,73.9412,5.5726
2014,28.6256,767.44,70.264,5.7538
2015,28.751,808.52,70.7419,5.7597
2016,28.4968,1310.04,75.0944,5.5738
2017,27.3963,1523.42,81.1721,5.5476
2018,27.2955,1924.36,81.6558,5.818
2019,27.5617,1991.03,80.2104,5.8371
2020,27.8637,3041.17,78.7384,5.9212
2021,26.962,2450.43,83.074,6.074
2022,26.9545,2421.37,84.3216,6.018
2023,27.7368,1960.92,80.6441,6.1135
2000,23.4439,864.25,79.7068,4.2432
2001,24.1185,692.86,76.1612,4.2853
2002,24.7911,450.05,71.3727,4.5903
2003,24.6298,477.32,71.1652,4.6387
2004,24.6852,283.79,68.87,4.855300000000001
2005,25.0046,489.15,69.1202,4.8891
2006,24.8672,307.77,70.4475,4.8943
2007,24.7402,563.47,70.7877,4.9869
2008,24.1917,522.51,72.5351,5.2336
2009,24.3095,600.22,73.5775,5.2372
2010,25.0449,628.33,71.3175,5.341600000000001
2011,23.9153,524.23,73.7443,5.5383
2012,25.0912,323.26,70.8381,5.6353
2013,24.5718,638.91,71.6837,5.5726
2014,24.9595,326.34,68.9295,5.7538
2015,25.3166,350.45,67.7285,5.7597
2016,24.2694,2116.42,79.2402,5.5738
2017,22.9722,2158.64,86.5291,5.5476
2018,22.8249,2272.38,85.3404,5.818
2019,23.151,2026.68,84.922,5.8371
2020,23.3949,2296.15,83.317,5.9212
2021,23.0365,2513.28,84.3507,6.074
2022,22.8508,2166.43,86.301,6.018
2023,23.3771,2230.44,85.9803,6.1135
2000,18.8681,1249.11,81.5824,4.2432
2001,18.917,1311.46,81.705,4.2853
2002,19.099,1308.33,81.4805,4.5903
2003,19.2232,1143.31,80.7227,4.6387
2004,18.7764,1108.52,79.3911,4.855300000000001
2005,19.2733,1234.29,79.0617,4.8891
2006,19.5152,1076.15,78.876,4.8943
2007,19.0003,1158.13,78.3021,4.9869
2008,18.3904,1404.96,80.4431,5.2336
2009,19.2583,1016.14,80.5329,5.2372
2010,19.7034,1075.57,76.9291,5.341600000000001
2011,18.1944,1047.6,80.0302,5.5383
2012,19.2959,1260.22,80.843,5.6353
2013,18.8719,1294.98,81.6927,5.5726
2014,18.9649,1391.5,83.9075,5.7538
2015,19.4554,1334.82,83.2629,5.7597
2016,19.3873,1129.77,81.5485,5.5738
2017,19.2288,1579.3,83.2527,5.5476
2018,19.072,1547.61,84.4618,5.818
2019,19.9081,1274.72,83.7234,5.8371
2020,19.2647,1397.04,84.396,5.9212
2021,19.3301,1268.35,83.3173,6.074
2022,18.9548,1421.41,84.2228,6.018
2023,20.104,1017.72,80.1625,6.1135
2000,22.6544,1373.86,83.3891,4.2432
2001,22.8614,2004.47,83.7188,4.2853
2002,22.9984,1318.83,84.3096,4.5903
2003,23.4318,1381.61,81.249,4.6387
2004,22.8292,1305.67,80.9731,4.855300000000001
2005,23.4006,1535.17,79.4015,4.8891
2006,23.2739,1321.37,81.6353,4.8943
2007,23.0149,1336.31,81.0223,4.9869
2008,22.1836,1686.48,82.4235,5.2336
2009,22.9804,1401.22,83.7411,5.2372
2010,23.2606,1461.17,82.0564,5.341600000000001
2011,21.6584,1672.23,83.6739,5.5383
2012,22.9499,1778.88,85.1028,5.6353
2013,22.5624,1798.56,84.6102,5.5726
2014,22.8188,1497.2,84.8682,5.7538
2015,23.7496,1334.32,83.2293,5.7597
2016,23.3094,1500.04,82.2768,5.5738
2017,23.1615,2103.95,84.2173,5.5476
2018,23.0524,2040.34,84.7733,5.818
2019,23.8992,1611.28,85.0355,5.8371
2020,23.2292,1709.66,85.5363,5.9212
2021,23.1039,1922.41,84.9513,6.074
2022,22.6929,2087.37,85.7284,6.018
2023,23.6142,1479.17,83.7174,6.1135
2000,23.0484,1321.7,81.5454,4.2432
2001,23.2103,2018.92,82.0433,4.2853
2002,23.2753,1354.84,83.0595,4.5903
2003,23.6663,1396.61,80.2383,4.6387
2004,23.0788,1360.38,79.6903,4.855300000000001
2005,23.5643,1560.36,78.7678,4.8891
2006,23.6248,1212.07,79.8128,4.8943
2007,23.4401,1372.52,78.5855,4.9869
2008,22.4736,1797.32,80.8168,5.2336
2009,23.2022,1376.07,82.909,5.2372
2010,23.4807,1313.72,80.9093,5.341600000000001
2011,22.0715,1598.74,81.3563,5.5383
2012,23.1842,1770.24,83.7177,5.6353
2013,22.7898,1982.14,83.647,5.5726
2014,23.022,1444.56,84.0904,5.7538
2015,23.9191,1489.93,82.9812,5.7597
2016,23.3863,1520.4,82.4472,5.5738
2017,23.4043,2078.33,83.3985,5.5476
2018,23.2889,2015.44,83.978,5.818
2019,24.0868,1649.81,84.3115,5.8371
2020,23.4119,1816.41,84.9028,5.9212
2021,23.3814,1832.52,83.9993,6.074
2022,22.9466,2077.19,84.7654,6.018
2023,23.8988,1530.59,82.7133,6.1135
2000,24.1512,1396.77,82.216,4.2432
2001,24.5928,1805.01,82.0562,4.2853
2002,24.8338,1468.49,81.1082,4.5903
2003,25.4565,1197.07,77.5698,4.6387
2004,24.6434,1180.04,78.5416,4.855300000000001
2005,25.1722,1531.73,77.0051,4.8891
2006,25.0311,1556.99,79.2384,4.8943
2007,24.8524,1549.47,79.2318,4.9869
2008,24.2094,1405.84,79.7537,5.2336
2009,25.1236,1038.62,78.4752,5.2372
2010,25.8343,1983.04,75.4921,5.341600000000001
2011,23.5469,1690.8,81.7359,5.5383
2012,24.9686,1391.4,80.5987,5.6353
2013,24.8669,1781.19,78.9199,5.5726
2014,25.0488,1131.58,78.9821,5.7538
2015,26.0061,1155.6,75.8438,5.7597
2016,25.268,2696.25,78.4367,5.5738
2017,24.4117,2611.76,84.1626,5.5476
2018,24.6715,2168.1,82.2647,5.818
2019,25.5382,2862.96,82.4515,5.8371
2020,24.9978,3279.09,83.0822,5.9212
2021,24.4522,2644.86,83.7726,6.074
2022,24.1261,2695.66,84.9425,6.018
2023,25.2168,2337.63,81.6276,6.1135
2000,23.3985,1305.55,80.6856,4.2432
2001,23.49,1971.34,81.8188,4.2853
2002,23.5929,1370.74,82.9125,4.5903
2003,24.0392,1385.86,79.8619,4.6387
2004,23.4983,1390.31,78.839,4.855300000000001
2005,23.8441,1561.38,78.7095,4.8891
2006,23.9467,1228.6,79.3524,4.8943
2007,23.7101,1350.37,78.3343,4.9869
2008,22.7946,1776.3,80.5393,5.2336
2009,23.6046,1359.44,82.0344,5.2372
2010,23.7649,1361.75,80.9851,5.341600000000001
2011,22.417,1609.91,80.2679,5.5383
2012,23.5157,1817.15,83.1327,5.6353
2013,23.1097,1970.75,83.2662,5.5726
2014,23.3608,1433.13,83.5938,5.7538
2015,24.1942,1608.41,83.0728,5.7597
2016,23.5556,1698.76,82.9704,5.5738
2017,23.6746,2047.74,83.2841,5.5476
2018,23.558,1949.65,83.6064,5.818
2019,24.3532,1528.37,84.2594,5.8371
2020,23.7479,1896.71,84.3527,5.9212
2021,23.719,1804.16,83.3928,6.074
2022,23.2677,2101.15,84.0627,6.018
2023,24.1958,1578.02,82.4939,6.1135
2000,23.0205,1400.47,81.483,4.2432
2001,23.0038,1893.34,83.4653,4.2853
2002,23.24,1384.38,83.8135,4.5903
2003,23.6832,1302.91,80.7668,4.6387
2004,23.2598,1387.26,78.9833,4.855300000000001
2005,23.3613,1518.99,80.1181,4.8891
2006,23.6938,1211.35,79.2907,4.8943
2007,23.5053,1296.24,78.1427,4.9869
2008,22.6007,1747.43,80.5329,5.2336
2009,23.5279,1234.79,80.7107,5.2372
2010,23.5252,1417.12,80.8638,5.341600000000001
2011,22.0558,1561.54,81.2001,5.5383
2012,23.1258,1830.61,83.7589,5.6353
2013,22.8593,1859.29,83.3166,5.5726
2014,23.0815,1426.24,83.7031,5.7538
2015,23.7821,1709.62,84.0089,5.7597
2016,23.1737,2008.58,83.8458,5.5738
2017,23.2824,2254.05,84.0704,5.5476
2018,23.2034,2013.49,83.9378,5.818
2019,24.0279,1721.21,84.6413,5.8371
2020,23.4517,2077.54,84.6943,5.9212
2021,23.4427,1827.45,83.5765,6.074
2022,23.0114,2244.76,83.8594,6.018
2023,23.785,1799.82,83.4808,6.1135
2000,26.8919,1562.91,82.1602,4.2432
2001,27.0768,1349.71,81.1372,4.2853
2002,27.6138,1127.6,77.0233,4.5903
2003,27.5253,1229.01,77.9489,4.6387
2004,27.604,1139.65,76.7222,4.855300000000001
2005,27.7469,1088.91,76.7101,4.8891
2006,27.3768,1213.06,79.7407,4.8943
2007,27.3593,1382.58,79.3053,4.9869
2008,27.1105,1327.12,80.0733,5.2336
2009,27.0672,1190.88,81.1515,5.2372
2010,28.0591,1226.94,76.7315,5.341600000000001
2011,26.9952,1310.38,80.5125,5.5383
2012,27.2495,1322.63,81.4879,5.6353
2013,27.6104,1072.57,77.7143,5.5726
2014,28.0015,959.4,74.4839,5.7538
2015,28.1354,1026.62,74.7465,5.7597
2016,28.0051,1782.16,78.3452,5.5738
2017,27.0105,1885.86,83.8731,5.5476
2018,27.0728,2112.46,83.0113,5.818
2019,27.3364,2165.62,81.6321,5.8371
2020,27.7017,2928.21,79.6278,5.9212
2021,26.9067,2458.78,83.5031,6.074
2022,26.8869,2499.49,84.8708,6.018
2023,27.5212,2300.34,82.446,6.1135
2000,23.0484,1321.7,81.5454,4.2432
2001,23.2103,2018.92,82.0433,4.2853
2002,23.2753,1354.84,83.0595,4.5903
2003,23.6663,1396.61,80.2383,4.6387
2004,23.0788,1360.38,79.6903,4.855300000000001
2005,23.5643,1560.36,78.7678,4.8891
2006,23.6248,1212.07,79.8128,4.8943
2007,23.4401,1372.52,78.5855,4.9869
2008,22.4736,1797.32,80.8168,5.2336
2009,23.2022,1376.07,82.909,5.2372
2010,23.4807,1313.72,80.9093,5.341600000000001
2011,22.0715,1598.74,81.3563,5.5383
2012,23.1842,1770.24,83.7177,5.6353
2013,22.7898,1982.14,83.647,5.5726
2014,23.022,1444.56,84.0904,5.7538
2015,23.9191,1489.93,82.9812,5.7597
2016,23.3863,1520.4,82.4472,5.5738
2017,23.4043,2078.33,83.3985,5.5476
2018,23.2889,2015.44,83.978,5.818
2019,24.0868,1649.81,84.3115,5.8371
2020,23.4119,1816.41,84.9028,5.9212
2021,23.3814,1832.52,83.9993,6.074
2022,22.9466,2077.19,84.7654,6.018
2023,23.8988,1530.59,82.7133,6.1135
2000,23.5934,1360.43,82.5054,4.2432
2001,23.7732,1980.99,83.2155,4.2853
2002,23.9441,1343.64,84.0252,4.5903
2003,24.4215,1385.41,80.9659,4.6387
2004,23.8253,1349.64,80.2107,4.855300000000001
2005,24.1527,1548.99,79.8909,4.8891
2006,24.1873,1318.81,81.0595,4.8943
2007,23.9172,1327.92,80.6684,4.9869
2008,23.1729,1697.4,81.9469,5.2336
2009,23.9408,1407.67,83.1113,5.2372
2010,24.1037,1475.51,82.3046,5.341600000000001
2011,22.6801,1687.32,82.3709,5.5383
2012,23.8512,1833.13,84.3064,5.6353
2013,23.5272,1836.89,83.9339,5.5726
2014,23.7886,1489.05,84.0996,5.7538
2015,24.5493,1559.91,83.7487,5.7597
2016,23.9448,1758.17,83.4722,5.5738
2017,23.9644,2268.69,84.3101,5.5476
2018,23.897,2018.18,84.2998,5.818
2019,24.7307,1566.94,84.8256,5.8371
2020,24.1605,1885.15,85.1193,5.9212
2021,24.0438,1944.94,84.2266,6.074
2022,23.6455,2198.57,84.8319,6.018
2023,24.4446,1676.55,83.7078,6.1135
2000,22.9136,1366.01,85.567,4.2432
2001,23.3371,1003.54,83.2843,4.2853
2002,23.9818,947.56,78.136,4.5903
2003,23.6594,993.64,79.7022,4.6387
2004,23.6262,646.02,78.1854,4.855300000000001
2005,24.3995,1097.52,75.2276,4.8891
2006,23.7287,586.3,79.9925,4.8943
2007,23.9006,1134.73,78.3716,4.9869
2008,23.1163,1400.23,82.9856,5.2336
2009,23.1479,1070.36,83.8748,5.2372
2010,24.1904,1565.52,78.9136,5.341600000000001
2011,22.9588,935.28,83.2582,5.5383
2012,23.8302,1016.99,80.9054,5.6353
2013,23.7452,995.35,79.3505,5.5726
2014,24.1603,671.85,75.9869,5.7538
2015,24.5008,880.89,75.0268,5.7597
2016,24.0173,2276.16,82.5489,5.5738
2017,23.0593,2084.93,87.8475,5.5476
2018,22.9097,1926.1,86.1926,5.818
2019,23.1365,1931.08,85.8864,5.8371
2020,23.4067,1868.84,84.5091,5.9212
2021,22.8821,2352.48,86.5916,6.074
2022,22.94,2227.69,87.68,6.018
2023,23.4683,1906.25,87.0776,6.1135
2000,27.2176,1784.98,81.5814,4.2432
2001,27.4336,1414.62,80.4531,4.2853
2002,28.0165,1112.79,76.2566,4.5903
2003,27.899,1296.81,77.3238,4.6387
2004,27.9371,1197.79,76.5154,4.855300000000001
2005,28.0302,1132.27,76.6463,4.8891
2006,27.7757,1384.99,79.039,4.8943
2007,27.7563,1305.66,78.239,4.9869
2008,27.5232,1304.33,79.0029,5.2336
2009,27.5032,1178.93,80.1377,5.2372
2010,28.4038,1124.34,76.0869,5.341600000000001
2011,27.4077,1401.59,79.6392,5.5383
2012,27.6427,1469.83,80.9555,5.6353
2013,27.9345,1129.62,77.5185,5.5726
2014,28.1408,1078.88,75.5194,5.7538
2015,28.1354,1300.23,76.6596,5.7597
2016,28.303,1803.49,77.902,5.5738
2017,27.5524,1796.58,82.0398,5.5476
2018,27.5201,2177.47,81.916,5.818
2019,27.8831,2177.28,79.9427,5.8371
2020,28.1038,2743.91,78.7081,5.9212
2021,27.3848,2437.46,81.7943,6.074
2022,27.3844,2446.84,83.0617,6.018
2023,27.966,2153.88,80.8448,6.1135
2000,21.7162,1175.65,83.0678,4.2432
2001,22.3042,927.56,79.9896,4.2853
2002,23.0042,610.95,74.6652,4.5903
2003,22.9484,593.79,73.6744,4.6387
2004,22.9733,366.7,71.2731,4.855300000000001
2005,23.3585,622.33,71.3897,4.8891
2006,23.1741,439.03,72.9588,4.8943
2007,23.1058,719.2,72.9816,4.9869
2008,22.4725,689.44,75.4724,5.2336
2009,22.6178,755.42,76.3033,5.2372
2010,23.3524,751.64,73.9545,5.341600000000001
2011,22.117,779.12,77.1275,5.5383
2012,23.2833,397.52,74.2798,5.6353
2013,22.8904,790.3,74.048,5.5726
2014,23.1499,464.15,72.2747,5.7538
2015,23.5408,502.67,70.7395,5.7597
2016,22.7547,2468.31,80.8458,5.5738
2017,21.4359,2435.61,88.7506,5.5476
2018,21.263,2388.32,87.5767,5.818
2019,21.6687,2090.52,86.9827,5.8371
2020,21.8407,2551.81,85.5396,5.9212
2021,21.4703,2878.75,86.4792,6.074
2022,21.3084,2399.29,88.5944,6.018
2023,21.8582,2425.84,88.2618,6.1135
2000,18.7826,1722.21,82.3389,4.2432
2001,19.0603,1659.27,82.5999,4.2853
2002,18.9974,1526.31,82.1636,4.5903
2003,19.1902,1261.89,79.459,4.6387
2004,18.784,1398.3,78.7014,4.855300000000001
2005,19.3683,1396.1,77.7028,4.8891
2006,19.6047,1141.18,76.3659,4.8943
2007,19.0621,1304.17,76.366,4.9869
2008,18.554,1596.64,79.6737,5.2336
2009,19.3393,1293.09,78.5367,5.2372
2010,19.8503,1217.33,75.8598,5.341600000000001
2011,18.3734,1355.31,80.8678,5.5383
2012,19.6318,1501.61,79.2645,5.6353
2013,18.9223,1754.2,80.7781,5.5726
2014,19.3238,1622.57,81.3034,5.7538
2015,19.5943,1676.13,80.8812,5.7597
2016,19.4495,1685.28,81.267,5.5738
2017,19.1331,1989.54,84.6344,5.5476
2018,19.2278,2198.05,84.4098,5.818
2019,20.0544,1668.21,82.6697,5.8371
2020,19.484,1935.69,83.2401,5.9212
2021,19.2158,1985.86,83.9419,6.074
2022,19.2544,1917.08,84.1081,6.018
2023,19.9542,1427.95,81.3914,6.1135
2000,22.5108,1498.34,86.4569,4.2432
2001,22.8071,1071.38,84.8736,4.2853
2002,23.4597,1001.13,79.4964,4.5903
2003,23.2354,1051.14,80.638,4.6387
2004,23.2651,698.17,78.5873,4.855300000000001
2005,23.8774,1106.64,76.8187,4.8891
2006,23.3147,724.94,80.849,4.8943
2007,23.3682,1180.97,79.9036,4.9869
2008,22.7265,1447.96,83.8638,5.2336
2009,22.7311,1068.3,84.9707,5.2372
2010,23.7482,1594.3,79.9259,5.341600000000001
2011,22.515,1054.1,84.6032,5.5383
2012,23.3139,1172.48,82.419,5.6353
2013,23.3188,1018.87,80.3691,5.5726
2014,23.6598,736.56,77.2855,5.7538
2015,23.9075,1098.98,77.0327,5.7597
2016,23.4872,2377.85,84.2164,5.5738
2017,22.641,2000.97,88.8717,5.5476
2018,22.6014,1961.64,86.5177,5.818
2019,22.7404,1896.69,86.6477,5.8371
2020,23.0784,1831.15,84.9695,5.9212
2021,22.493,2295.39,87.4393,6.074
2022,22.5488,2240.9,88.6116,6.018
2023,23.0957,1820.12,87.8118,6.1135
2000,21.3989,1128.19,79.5018,4.2432
2001,21.3524,1577.33,81.3265,4.2853
2002,21.5488,1285.8,81.863,4.5903
2003,21.9577,1109.08,78.4413,4.6387
2004,21.6418,1136.99,75.7951,4.855300000000001
2005,21.6701,1333.29,78.1689,4.8891
2006,22.0534,1004.77,77.0804,4.8943
2007,21.8154,1100.54,75.1312,4.9869
2008,20.7158,1601.79,79.017,5.2336
2009,21.7919,983.49,78.8054,5.2372
2010,21.7561,1195.08,78.7277,5.341600000000001
2011,20.5152,1159.47,77.4439,5.5383
2012,21.5184,1334.1,80.9688,5.6353
2013,21.2247,1448.51,80.9505,5.5726
2014,21.3272,1319.15,82.5421,5.7538
2015,22.081,1457.87,82.4875,5.7597
2016,21.3403,1467.33,83.4236,5.5738
2017,21.5893,1665.62,82.9604,5.5476
2018,21.4454,1625.31,83.2246,5.818
2019,22.0658,1516.18,84.6761,5.8371
2020,21.4562,1672.98,84.4985,5.9212
2021,21.8414,1319.18,81.8852,6.074
2022,21.226,1759.64,82.7378,6.018
2023,22.2741,1395.05,81.2155,6.1135
2000,19.6587,1758.68,80.1074,4.2432
2001,19.8131,1614.23,80.3447,4.2853
2002,19.8588,1541.43,79.8955,4.5903
2003,19.9546,1332.08,78.5346,4.6387
2004,19.3752,1493.42,79.0581,4.855300000000001
2005,19.9176,1484.66,78.0355,4.8891
2006,20.2021,1127.72,76.9832,4.8943
2007,19.7221,1298.59,76.4965,4.9869
2008,19.1789,1643.08,78.9342,5.2336
2009,20.1043,1334.9,77.849,5.2372
2010,20.4227,1202.33,76.0724,5.341600000000001
2011,18.9215,1374.77,80.0759,5.5383
2012,20.1619,1578.94,79.2388,5.6353
2013,19.622,1836.55,79.8106,5.5726
2014,20.0019,1753.75,80.6771,5.7538
2015,20.4909,1708.27,79.2075,5.7597
2016,20.2781,1710.74,79.489,5.5738
2017,19.9728,2045.79,82.2622,5.5476
2018,20.1136,2161.86,81.5705,5.818
2019,20.9553,1792.13,80.0227,5.8371
2020,20.2767,1990.82,81.4601,5.9212
2021,20.1186,1861.35,81.441,6.074
2022,19.9767,1914.08,82.1495,6.018
2023,20.8058,1455.37,79.3733,6.1135
2000,27.0685,1787.79,81.1483,4.2432
2001,27.3572,1367.96,79.3932,4.2853
2002,27.8687,1074.09,75.1956,4.5903
2003,27.6644,1175.68,76.9259,4.6387
2004,27.8043,1296.15,75.3821,4.855300000000001
2005,27.7574,1148.18,76.4524,4.8891
2006,27.6023,1212.97,78.4275,4.8943
2007,27.477,1518.26,78.5869,4.9869
2008,27.2579,1378.71,79.0304,5.2336
2009,27.2208,1299.85,80.1433,5.2372
2010,28.0483,1407.99,76.8655,5.341600000000001
2011,27.155,1360.01,79.3502,5.5383
2012,27.3459,1460.65,80.8594,5.6353
2013,27.8204,1053.24,76.2773,5.5726
2014,28.2061,954.02,72.9732,5.7538
2015,28.4097,1012.26,72.9268,5.7597
2016,28.2574,1252.13,76.4861,5.5738
2017,27.4946,1419.95,80.5548,5.5476
2018,27.5467,1728.66,79.965,5.818
2019,27.715,1773.93,79.2491,5.8371
2020,27.9642,2726.06,78.051,5.9212
2021,27.1695,2268.39,81.957,6.074
2022,27.179,2297.84,82.9892,6.018
2023,27.9058,1789.02,79.7897,6.1135
2000,23.5934,1360.43,82.5054,4.2432
2001,23.7732,1980.99,83.2155,4.2853
2002,23.9441,1343.64,84.0252,4.5903
2003,24.4215,1385.41,80.9659,4.6387
2004,23.8253,1349.64,80.2107,4.855300000000001
2005,24.1527,1548.99,79.8909,4.8891
2006,24.1873,1318.81,81.0595,4.8943
2007,23.9172,1327.92,80.6684,4.9869
2008,23.1729,1697.4,81.9469,5.2336
2009,23.9408,1407.67,83.1113,5.2372
2010,24.1037,1475.51,82.3046,5.341600000000001
2011,22.6801,1687.32,82.3709,5.5383
2012,23.8512,1833.13,84.3064,5.6353
2013,23.5272,1836.89,83.9339,5.5726
2014,23.7886,1489.05,84.0996,5.7538
2015,24.5493,1559.91,83.7487,5.7597
2016,23.9448,1758.17,83.4722,5.5738
2017,23.9644,2268.69,84.3101,5.5476
2018,23.897,2018.18,84.2998,5.818
2019,24.7307,1566.94,84.8256,5.8371
2020,24.1605,1885.15,85.1193,5.9212
2021,24.0438,1944.94,84.2266,6.074
2022,23.6455,2198.57,84.8319,6.018
2023,24.4446,1676.55,83.7078,6.1135
2000,24.1512,1396.77,82.216,4.2432
2001,24.5928,1805.01,82.0562,4.2853
2002,24.8338,1468.49,81.1082,4.5903
2003,25.4565,1197.07,77.5698,4.6387
2004,24.6434,1180.04,78.5416,4.855300000000001
2005,25.1722,1531.73,77.0051,4.8891
2006,25.0311,1556.99,79.2384,4.8943
2007,24.8524,1549.47,79.2318,4.9869
2008,24.2094,1405.84,79.7537,5.2336
2009,25.1236,1038.62,78.4752,5.2372
2010,25.8343,1983.04,75.4921,5.341600000000001
2011,23.5469,1690.8,81.7359,5.5383
2012,24.9686,1391.4,80.5987,5.6353
2013,24.8669,1781.19,78.9199,5.5726
2014,25.0488,1131.58,78.9821,5.7538
2015,26.0061,1155.6,75.8438,5.7597
2016,25.268,2696.25,78.4367,5.5738
2017,24.4117,2611.76,84.1626,5.5476
2018,24.6715,2168.1,82.2647,5.818
2019,25.5382,2862.96,82.4515,5.8371
2020,24.9978,3279.09,83.0822,5.9212
2021,24.4522,2644.86,83.7726,6.074
2022,24.1261,2695.66,84.9425,6.018
2023,25.2168,2337.63,81.6276,6.1135
2000,23.5934,1360.43,82.5054,4.2432
2001,23.7732,1980.99,83.2155,4.2853
2002,23.9441,1343.64,84.0252,4.5903
2003,24.4215,1385.41,80.9659,4.6387
2004,23.8253,1349.64,80.2107,4.855300000000001
2005,24.1527,1548.99,79.8909,4.8891
2006,24.1873,1318.81,81.0595,4.8943
2007,23.9172,1327.92,80.6684,4.9869
2008,23.1729,1697.4,81.9469,5.2336
2009,23.9408,1407.67,83.1113,5.2372
2010,24.1037,1475.51,82.3046,5.341600000000001
2011,22.6801,1687.32,82.3709,5.5383
2012,23.8512,1833.13,84.3064,5.6353
2013,23.5272,1836.89,83.9339,5.5726
2014,23.7886,1489.05,84.0996,5.7538
2015,24.5493,1559.91,83.7487,5.7597
2016,23.9448,1758.17,83.4722,5.5738
2017,23.9644,2268.69,84.3101,5.5476
2018,23.897,2018.18,84.2998,5.818
2019,24.7307,1566.94,84.8256,5.8371
2020,24.1605,1885.15,85.1193,5.9212
2021,24.0438,1944.94,84.2266,6.074
2022,23.6455,2198.57,84.8319,6.018
2023,24.4446,1676.55,83.7078,6.1135
2000,24.4723,1696.54,84.9405,4.2432
2001,24.7645,1181.36,83.6398,4.2853
2002,25.1495,1127.46,80.1988,4.5903
2003,25.0031,1165.19,80.7979,4.6387
2004,25.0209,821.52,78.5709,4.855300000000001
2005,25.3281,1165.47,78.8919,4.8891
2006,25.0834,1007.53,81.0133,4.8943
2007,25.0077,1285.91,80.9528,4.9869
2008,24.634,1454.32,82.9623,5.2336
2009,24.759,1131.79,83.2871,5.2372
2010,25.4689,1569.19,80.3772,5.341600000000001
2011,24.4568,1173.9,83.3292,5.5383
2012,25.0715,1315.12,82.472,5.6353
2013,25.176,1024.82,79.8572,5.5726
2014,25.3115,865.2,78.0727,5.7538
2015,25.5039,1258.92,78.1449,5.7597
2016,25.1868,2381.44,84.053,5.5738
2017,24.5546,1842.16,87.4856,5.5476
2018,24.6535,2006.21,84.5693,5.818
2019,24.8131,1796.43,84.8885,5.8371
2020,25.1124,1806.26,83.1877,5.9212
2021,24.5102,2208.01,85.7293,6.074
2022,24.58,2182.65,86.7611,6.018
2023,25.0065,1783.21,86.2418,6.1135
2000,23.0369,1438.81,79.4255,4.2432
2001,23.0959,1894.89,80.3432,4.2853
2002,23.2612,1325.27,80.2306,4.5903
2003,23.7873,1233.26,75.9518,4.6387
2004,23.2096,1227.07,75.5937,4.855300000000001
2005,23.6943,1429.88,74.8298,4.8891
2006,24.03,999.15,74.1092,4.8943
2007,23.7564,1201.28,73.1422,4.9869
2008,22.6686,1589.79,76.636,5.2336
2009,23.3551,1208.42,78.9285,5.2372
2010,24.0012,1138.33,74.1898,5.341600000000001
2011,22.2056,1401.81,78.0291,5.5383
2012,23.3638,1552.96,79.667,5.6353
2013,22.9317,1938.88,80.0228,5.5726
2014,23.0512,1427.58,81.7995,5.7538
2015,23.9743,1467.03,79.9639,5.7597
2016,23.565,1528.72,79.0475,5.5738
2017,23.3981,2037.01,80.9862,5.5476
2018,23.2624,2156.64,81.9131,5.818
2019,24.0771,1932.92,81.7564,5.8371
2020,23.4287,2093.2,82.5274,5.9212
2021,23.3581,1844.25,82.0593,6.074
2022,22.8817,2118.36,83.065,6.018
2023,23.9986,1425.47,79.9321,6.1135
2000,26.3934,1672.48,83.3646,4.2432
2001,26.8614,1267.57,81.1025,4.2853
2002,27.066,1364.72,79.1551,4.5903
2003,26.7955,1321.09,80.0493,4.6387
2004,26.6056,867.87,79.1458,4.855300000000001
2005,26.7813,1563.97,80.2367,4.8891
2006,26.8702,870.08,80.1025,4.8943
2007,26.7006,1462.23,80.8693,4.9869
2008,26.4261,1709.87,82.1603,5.2336
2009,26.6025,1422.82,81.8669,5.2372
2010,27.226,2019.07,79.8833,5.341600000000001
2011,26.3702,1151.42,81.1131,5.5383
2012,26.9289,1177.82,81.423,5.6353
2013,26.7441,1279.33,80.4775,5.5726
2014,27.0126,935.09,78.0167,5.7538
2015,27.2158,826.3,77.8808,5.7597
2016,26.9599,2497.35,82.7975,5.5738
2017,26.6974,2459.09,83.9717,5.5476
2018,26.7362,2163.97,81.4888,5.818
2019,27.0876,2230.48,80.6492,5.8371
2020,26.9675,1950.72,81.1663,5.9212
2021,26.6716,2802.15,81.9836,6.074
2022,26.6752,2592.2,83.4395,6.018
2023,27.1809,2304.37,82.7224,6.1135
2000,22.7861,1671.17,87.4717,4.2432
2001,23.2423,1890.91,87.1079,4.2853
2002,23.4377,1597.06,86.2828,4.5903
2003,23.9209,1113.27,82.9579,4.6387
2004,23.3899,1260.41,82.5205,4.855300000000001
2005,23.8629,1608.05,81.9072,4.8891
2006,23.6208,1372.91,83.8209,4.8943
2007,23.6701,1529.34,83.119,4.9869
2008,22.8274,1490.37,85.1537,5.2336
2009,23.5656,1380.01,84.3802,5.2372
2010,24.1187,1818.62,82.4552,5.341600000000001
2011,22.3512,1780.29,86.3396,5.5383
2012,23.557,1310.16,85.9918,5.6353
2013,23.6398,1576.6,83.1158,5.5726
2014,23.7263,1180.03,83.2182,5.7538
2015,24.5514,1266.34,80.3138,5.7597
2016,24.0974,2849.13,82.5846,5.5738
2017,23.1687,2672.51,88.6337,5.5476
2018,23.2203,1878.66,87.1415,5.818
2019,24.1211,2655.59,86.6027,5.8371
2020,23.7048,3007.15,87.1826,5.9212
2021,23.1455,2965.52,87.7462,6.074
2022,22.9841,2636.81,88.7381,6.018
2023,23.7975,2336.71,86.9615,6.1135
2000,25.7832,2340.88,85.0452,4.2432
2001,26.2509,1857.57,83.3276,4.2853
2002,26.2409,1646.65,83.2537,4.5903
2003,26.2,1302.82,82.191,4.6387
2004,26.0434,1055.73,80.4703,4.855300000000001
2005,26.2875,1483.74,81.1715,4.8891
2006,26.2107,1359.24,82.4479,4.8943
2007,26.2211,1987.31,82.3376,4.9869
2008,25.787,2015.1,84.0184,5.2336
2009,26.1468,2258.09,83.238,5.2372
2010,26.4079,1783.22,83.4099,5.341600000000001
2011,25.5833,2264.83,83.4765,5.5383
2012,26.3629,1092.0,83.3333,5.6353
2013,26.3067,1555.28,80.9429,5.5726
2014,26.3071,1300.49,80.7309,5.7538
2015,26.5605,1585.47,80.8486,5.7597
2016,26.3731,3770.84,83.9264,5.5738
2017,26.2303,3752.34,84.9988,5.5476
2018,26.1142,2957.09,83.3091,5.818
2019,26.6451,2706.07,82.8859,5.8371
2020,26.333,4055.92,84.1071,5.9212
2021,26.1764,5103.62,83.5661,6.074
2022,26.1065,4162.36,84.8544,6.018
2023,26.5991,4218.14,84.5382,6.1135
2000,24.6548,1920.11,85.5848,4.2432
2001,25.023,1389.48,84.4427,4.2853
2002,25.2828,1309.21,82.2839,4.5903
2003,25.1501,1119.22,81.7879,4.6387
2004,24.9849,810.42,80.3552,4.855300000000001
2005,25.563,1306.18,78.7428,4.8891
2006,25.1793,980.83,81.9451,4.8943
2007,25.3124,1576.62,81.0399,4.9869
2008,24.629,1653.14,84.4918,5.2336
2009,24.903,1705.38,84.209,5.2372
2010,25.4579,1495.69,82.454,5.341600000000001
2011,24.5169,1585.46,83.5627,5.5383
2012,25.4259,805.48,82.4584,5.6353
2013,25.371,1223.71,79.8163,5.5726
2014,25.492,969.59,78.9254,5.7538
2015,25.6407,1311.46,79.4138,5.7597
2016,25.3263,3713.2,84.4142,5.5738
2017,24.9635,3743.7,86.6807,5.5476
2018,24.7732,3031.34,85.2569,5.818
2019,25.3127,2901.54,84.5551,5.8371
2020,25.0948,3745.29,85.0285,5.9212
2021,24.835,4757.6,85.3844,6.074
2022,24.7932,4022.35,86.7427,6.018
2023,25.3588,3814.93,86.2468,6.1135
2000,23.3347,1701.75,83.5111,4.2432
2001,23.7094,1926.59,83.2606,4.2853
2002,23.8806,1419.98,84.0091,4.5903
2003,24.1539,1265.75,82.1366,4.6387
2004,23.717,1346.81,80.3023,4.855300000000001
2005,23.6467,1469.67,82.0455,4.8891
2006,24.0408,1179.19,81.1603,4.8943
2007,23.9482,1145.69,79.7545,4.9869
2008,23.1966,1676.72,81.1339,5.2336
2009,23.9936,1091.34,81.6512,5.2372
2010,23.8643,1274.18,82.3233,5.341600000000001
2011,22.7166,1423.86,81.2307,5.5383
2012,23.6452,1653.77,83.3942,5.6353
2013,23.5698,1678.33,82.7677,5.5726
2014,23.7312,1388.37,83.2515,5.7538
2015,24.2809,2194.7,84.5002,5.7597
2016,23.7327,2397.8,84.0245,5.5738
2017,23.9026,2616.79,83.7505,5.5476
2018,23.8525,2001.87,83.435,5.818
2019,24.6002,2132.08,84.2212,5.8371
2020,24.1389,2133.75,84.3127,5.9212
2021,24.1993,1839.74,82.8162,6.074
2022,23.7338,2574.35,83.159,6.018
2023,24.3029,2547.09,83.8686,6.1135
2000,24.0429,2200.64,87.7007,4.2432
2001,24.5406,2235.31,86.9886,4.2853
2002,24.6703,2011.56,86.4879,4.5903
2003,25.0151,1453.67,83.8167,4.6387
2004,24.3988,1613.41,84.0213,4.855300000000001
2005,24.9852,1951.41,82.7163,4.8891
2006,24.7718,1611.69,84.631,4.8943
2007,24.7932,2212.58,84.3732,4.9869
2008,24.1278,2150.08,85.6524,5.2336
2009,24.5981,2175.28,86.0792,5.2372
2010,25.0372,2414.22,84.9244,5.341600000000001
2011,23.6817,2633.9,86.5879,5.5383
2012,24.81,1664.24,86.1768,5.6353
2013,24.866,2068.57,83.5919,5.5726
2014,24.8125,1512.53,84.141,5.7538
2015,25.4976,1384.94,82.1833,5.7597
2016,25.5292,2781.52,81.7266,5.5738
2017,24.6033,2890.29,87.6109,5.5476
2018,24.4566,2321.56,86.7857,5.818
2019,25.3407,2336.81,85.9998,5.8371
2020,25.071,3225.28,86.0426,5.9212
2021,24.499,2798.83,86.8184,6.074
2022,24.432,2944.38,87.7171,6.018
2023,25.0884,2727.37,86.6804,6.1135
2000,26.8796,1930.42,83.883,4.2432
2001,27.0747,1709.64,82.9719,4.2853
2002,27.2473,1597.03,81.3798,4.5903
2003,27.2822,1767.41,81.3452,4.6387
2004,27.1136,1412.16,80.817,4.855300000000001
2005,27.3087,1516.63,81.0075,4.8891
2006,27.2018,1585.31,82.5516,4.8943
2007,27.1603,1804.56,82.0114,4.9869
2008,27.0273,1669.89,82.2945,5.2336
2009,27.1698,1506.14,82.7498,5.2372
2010,27.7607,1554.71,79.9154,5.341600000000001
2011,27.0388,1511.52,82.1246,5.5383
2012,27.3253,1576.89,82.8427,5.6353
2013,27.3604,1552.71,81.2367,5.5726
2014,27.5068,1274.09,79.1912,5.7538
2015,27.6935,1224.02,78.9856,5.7597
2016,27.7161,1806.08,81.2121,5.5738
2017,27.3882,1899.81,82.893,5.5476
2018,27.3602,1848.79,82.3022,5.818
2019,27.6584,1931.58,81.2715,5.8371
2020,27.7118,2557.65,80.6984,5.9212
2021,27.2733,2072.1,82.4572,6.074
2022,27.3689,2264.92,83.2824,6.018
2023,27.7761,2226.75,82.7287,6.1135
2000,20.3287,1816.67,79.9723,4.2432
2001,20.4684,1784.46,80.7654,4.2853
2002,20.5785,1179.9,79.278,4.5903
2003,21.252,878.91,74.2074,4.6387
2004,20.7945,997.13,74.3667,4.855300000000001
2005,21.1493,1153.68,73.9097,4.8891
2006,21.644,721.69,71.5082,4.8943
2007,21.2373,821.42,70.7704,4.9869
2008,20.3589,1188.63,75.4142,5.2336
2009,21.3358,1024.73,73.7432,5.2372
2010,21.7468,967.57,71.6606,5.341600000000001
2011,19.9116,1207.06,77.9885,5.5383
2012,21.2072,1420.04,77.2343,5.6353
2013,20.441,1602.23,78.3832,5.5726
2014,20.8428,1438.54,78.5276,5.7538
2015,21.4716,1418.06,77.1528,5.7597
2016,21.1977,1608.0,77.3726,5.5738
2017,20.5783,1990.52,81.8515,5.5476
2018,20.7379,2313.24,81.318,5.818
2019,21.5248,2008.66,80.4756,5.8371
2020,20.8498,2100.14,81.6434,5.9212
2021,20.6716,1980.9,81.5943,6.074
2022,20.6075,2161.58,82.0454,6.018
2023,21.482,1363.3,78.8998,6.1135
2000,26.8562,1926.28,80.5024,4.2432
2001,27.23,1367.99,78.2118,4.2853
2002,28.2761,1044.27,71.0243,4.5903
2003,27.921,1162.12,73.0918,4.6387
2004,28.0312,1345.67,71.9873,4.855300000000001
2005,28.0273,1163.37,73.3222,4.8891
2006,27.8398,1243.26,75.0996,4.8943
2007,27.777,1435.81,74.6883,4.9869
2008,27.3484,1372.28,76.1688,5.2336
2009,27.4736,1208.23,75.9936,5.2372
2010,28.424,1303.31,72.729,5.341600000000001
2011,27.1901,1328.53,76.6546,5.5383
2012,27.5045,1406.84,77.9853,5.6353
2013,28.5151,759.3,68.9926,5.5726
2014,28.9184,770.95,66.1388,5.7538
2015,29.2888,704.48,65.0035,5.7597
2016,29.4974,646.0,66.3967,5.5738
2017,28.3093,1029.27,72.8981,5.5476
2018,27.9737,1417.87,74.9668,5.818
2019,27.9878,1538.92,75.2961,5.8371
2020,28.1392,2437.52,74.8841,5.9212
2021,27.1409,2032.3,79.9267,6.074
2022,27.1213,2207.59,81.0378,6.018
2023,28.0443,1485.16,76.4107,6.1135
2000,23.5934,1360.43,82.5054,4.2432
2001,23.7732,1980.99,83.2155,4.2853
2002,23.9441,1343.64,84.0252,4.5903
2003,24.4215,1385.41,80.9659,4.6387
2004,23.8253,1349.64,80.2107,4.855300000000001
2005,24.1527,1548.99,79.8909,4.8891
2006,24.1873,1318.81,81.0595,4.8943
2007,23.9172,1327.92,80.6684,4.9869
2008,23.1729,1697.4,81.9469,5.2336
2009,23.9408,1407.67,83.1113,5.2372
2010,24.1037,1475.51,82.3046,5.341600000000001
2011,22.6801,1687.32,82.3709,5.5383
2012,23.8512,1833.13,84.3064,5.6353
2013,23.5272,1836.89,83.9339,5.5726
2014,23.7886,1489.05,84.0996,5.7538
2015,24.5493,1559.91,83.7487,5.7597
2016,23.9448,1758.17,83.4722,5.5738
2017,23.9644,2268.69,84.3101,5.5476
2018,23.897,2018.18,84.2998,5.818
2019,24.7307,1566.94,84.8256,5.8371
2020,24.1605,1885.15,85.1193,5.9212
2021,24.0438,1944.94,84.2266,6.074
2022,23.6455,2198.57,84.8319,6.018
2023,24.4446,1676.55,83.7078,6.1135
2000,22.9302,1264.42,80.306,4.2432
2001,23.0225,1873.76,81.1598,4.2853
2002,23.0912,1378.6,82.1457,4.5903
2003,23.4308,1344.35,79.5332,4.6387
2004,22.8953,1330.61,78.4554,4.855300000000001
2005,23.296,1528.88,78.2564,4.8891
2006,23.5029,1133.01,78.4045,4.8943
2007,23.3085,1357.97,76.9408,4.9869
2008,22.2987,1786.81,79.6941,5.2336
2009,23.0014,1292.23,81.9895,5.2372
2010,23.2507,1264.74,79.9548,5.341600000000001
2011,21.9627,1465.59,79.7168,5.5383
2012,23.0244,1638.23,82.1795,5.6353
2013,22.6012,2037.46,82.6792,5.5726
2014,22.7386,1418.84,83.8539,5.7538
2015,23.5865,1613.04,83.111,5.7597
2016,23.062,1489.52,82.5322,5.5738
2017,23.1478,2018.79,83.0701,5.5476
2018,23.0288,1919.11,83.6402,5.818
2019,23.7662,1706.61,84.2426,5.8371
2020,23.0937,1832.62,84.7542,5.9212
2021,23.1881,1680.51,83.3966,6.074
2022,22.7183,2000.0,84.1901,6.018
2023,23.6776,1526.29,82.2376,6.1135
2000,23.2517,1399.57,83.4663,4.2432
2001,23.5149,1932.15,83.7124,4.2853
2002,23.6358,1322.5,84.4368,4.5903
2003,24.1315,1348.34,81.0417,4.6387
2004,23.5233,1245.73,80.8483,4.855300000000001
2005,24.1396,1525.82,78.6755,4.8891
2006,23.8625,1471.38,82.0404,4.8943
2007,23.5449,1383.91,82.0682,4.9869
2008,22.8613,1563.79,82.6658,5.2336
2009,23.6896,1383.59,83.2823,5.2372
2010,23.9702,1725.08,81.823,5.341600000000001
2011,22.3264,1741.95,84.0109,5.5383
2012,23.655,1745.44,84.6999,5.6353
2013,23.3033,1744.01,84.0676,5.5726
2014,23.5506,1518.69,84.3512,5.7538
2015,24.4459,1295.53,82.426,5.7597
2016,24.1058,1564.54,80.9444,5.5738
2017,23.7558,2191.77,84.2692,5.5476
2018,23.7091,2047.59,84.4195,5.818
2019,24.5257,1741.14,85.0559,5.8371
2020,23.919,1762.94,85.3584,5.9212
2021,23.7185,1995.71,84.8435,6.074
2022,23.3921,2127.99,85.3228,6.018
2023,24.2284,1462.82,83.721,6.1135
2000,24.4719,2488.87,86.4873,4.2432
2001,25.0265,2226.07,85.2496,4.2853
2002,25.087,2066.97,84.9147,4.5903
2003,25.3007,1448.71,82.5328,4.6387
2004,24.9792,1473.04,81.2491,4.855300000000001
2005,25.4888,1784.68,80.2278,4.8891
2006,25.2205,1656.09,82.8534,4.8943
2007,25.1812,2517.71,83.0201,4.9869
2008,24.5596,2197.78,84.6254,5.2336
2009,24.9532,2500.81,84.8361,5.2372
2010,25.4242,2205.27,83.5954,5.341600000000001
2011,24.1718,2891.0,85.0646,5.5383
2012,25.3088,1497.87,84.0912,5.6353
2013,25.4364,1903.0,80.7898,5.5726
2014,25.3374,1573.22,81.5681,5.7538
2015,25.7705,1491.48,80.9445,5.7597
2016,25.8099,3135.76,81.347,5.5738
2017,25.0366,3049.19,86.1144,5.5476
2018,24.88,2141.77,84.9336,5.818
2019,25.7457,2014.23,83.6247,5.8371
2020,25.5568,3433.78,83.4872,5.9212
2021,24.8922,3088.71,85.1972,6.074
2022,24.8743,3039.22,86.0528,6.018
2023,25.5244,3335.39,85.1071,6.1135
2000,27.0685,1787.79,81.1483,4.2432
2001,27.3572,1367.96,79.3932,4.2853
2002,27.8687,1074.09,75.1956,4.5903
2003,27.6644,1175.68,76.9259,4.6387
2004,27.8043,1296.15,75.3821,4.855300000000001
2005,27.7574,1148.18,76.4524,4.8891
2006,27.6023,1212.97,78.4275,4.8943
2007,27.477,1518.26,78.5869,4.9869
2008,27.2579,1378.71,79.0304,5.2336
2009,27.2208,1299.85,80.1433,5.2372
2010,28.0483,1407.99,76.8655,5.341600000000001
2011,27.155,1360.01,79.3502,5.5383
2012,27.3459,1460.65,80.8594,5.6353
2013,27.8204,1053.24,76.2773,5.5726
2014,28.2061,954.02,72.9732,5.7538
2015,28.4097,1012.26,72.9268,5.7597
2016,28.2574,1252.13,76.4861,5.5738
2017,27.4946,1419.95,80.5548,5.5476
2018,27.5467,1728.66,79.965,5.818
2019,27.715,1773.93,79.2491,5.8371
2020,27.9642,2726.06,78.051,5.9212
2021,27.1695,2268.39,81.957,6.074
2022,27.179,2297.84,82.9892,6.018
2023,27.9058,1789.02,79.7897,6.1135
2000,26.8415,1777.11,82.9334,4.2432
2001,27.0229,1479.77,81.9658,4.2853
2002,27.3461,1272.79,79.0346,4.5903
2003,27.2945,1390.95,79.7664,4.6387
2004,27.3082,1294.75,78.4398,4.855300000000001
2005,27.4162,1245.47,78.8569,4.8891
2006,27.209,1324.46,81.1116,4.8943
2007,27.1484,1606.37,80.9035,4.9869
2008,26.9761,1474.86,81.247,5.2336
2009,27.0024,1362.54,82.1931,5.2372
2010,27.7462,1443.66,78.8489,5.341600000000001
2011,26.9334,1387.45,81.2967,5.5383
2012,27.1713,1473.64,82.3121,5.6353
2013,27.3609,1306.21,79.7162,5.5726
2014,27.6891,1095.92,76.5718,5.7538
2015,27.857,1157.92,76.5993,5.7597
2016,27.7713,1642.24,79.7134,5.5738
2017,27.1565,1745.53,83.182,5.5476
2018,27.2031,1888.44,82.2862,5.818
2019,27.4115,1951.67,81.4557,5.8371
2020,27.6423,2700.84,80.1017,5.9212
2021,27.0196,2237.5,83.1631,6.074
2022,27.056,2318.26,84.1816,6.018
2023,27.6123,2093.67,82.3739,6.1135
2000,23.1724,1440.19,78.6001,4.2432
2001,23.2851,1653.92,78.9359,4.2853
2002,23.4248,1393.42,79.342,4.5903
2003,23.6692,1249.54,77.0588,4.6387
2004,23.1206,1271.44,76.2397,4.855300000000001
2005,23.5227,1437.72,76.2195,4.8891
2006,23.8001,1053.25,75.7596,4.8943
2007,23.5586,1244.92,74.6142,4.9869
2008,22.6503,1600.41,77.0772,5.2336
2009,23.3877,1204.15,78.8645,5.2372
2010,23.7403,1177.28,76.1421,5.341600000000001
2011,22.3504,1318.77,77.272,5.5383
2012,23.3998,1468.7,79.0771,5.6353
2013,23.0082,1831.0,79.6799,5.5726
2014,23.0387,1485.08,81.7338,5.7538
2015,23.8596,1604.3,80.7773,5.7597
2016,23.4748,1590.54,79.9116,5.5738
2017,23.4005,2060.4,81.1601,5.5476
2018,23.372,2058.59,81.4377,5.818
2019,24.1288,1815.62,81.4788,5.8371
2020,23.4684,2022.87,82.3325,5.9212
2021,23.5075,1706.04,81.1064,6.074
2022,23.0882,1968.89,82.0719,6.018
2023,24.086,1449.27,79.4365,6.1135
2000,26.8415,1777.11,82.9334,4.2432
2001,27.0229,1479.77,81.9658,4.2853
2002,27.3461,1272.79,79.0346,4.5903
2003,27.2945,1390.95,79.7664,4.6387
2004,27.3082,1294.75,78.4398,4.855300000000001
2005,27.4162,1245.47,78.8569,4.8891
2006,27.209,1324.46,81.1116,4.8943
2007,27.1484,1606.37,80.9035,4.9869
2008,26.9761,1474.86,81.247,5.2336
2009,27.0024,1362.54,82.1931,5.2372
2010,27.7462,1443.66,78.8489,5.341600000000001
2011,26.9334,1387.45,81.2967,5.5383
2012,27.1713,1473.64,82.3121,5.6353
2013,27.3609,1306.21,79.7162,5.5726
2014,27.6891,1095.92,76.5718,5.7538
2015,27.857,1157.92,76.5993,5.7597
2016,27.7713,1642.24,79.7134,5.5738
2017,27.1565,1745.53,83.182,5.5476
2018,27.2031,1888.44,82.2862,5.818
2019,27.4115,1951.67,81.4557,5.8371
2020,27.6423,2700.84,80.1017,5.9212
2021,27.0196,2237.5,83.1631,6.074
2022,27.056,2318.26,84.1816,6.018
2023,27.6123,2093.67,82.3739,6.1135
2000,22.9302,1264.42,80.306,4.2432
2001,23.0225,1873.76,81.1598,4.2853
2002,23.0912,1378.6,82.1457,4.5903
2003,23.4308,1344.35,79.5332,4.6387
2004,22.8953,1330.61,78.4554,4.855300000000001
2005,23.296,1528.88,78.2564,4.8891
2006,23.5029,1133.01,78.4045,4.8943
2007,23.3085,1357.97,76.9408,4.9869
2008,22.2987,1786.81,79.6941,5.2336
2009,23.0014,1292.23,81.9895,5.2372
2010,23.2507,1264.74,79.9548,5.341600000000001
2011,21.9627,1465.59,79.7168,5.5383
2012,23.0244,1638.23,82.1795,5.6353
2013,22.6012,2037.46,82.6792,5.5726
2014,22.7386,1418.84,83.8539,5.7538
2015,23.5865,1613.04,83.111,5.7597
2016,23.062,1489.52,82.5322,5.5738
2017,23.1478,2018.79,83.0701,5.5476
2018,23.0288,1919.11,83.6402,5.818
2019,23.7662,1706.61,84.2426,5.8371
2020,23.0937,1832.62,84.7542,5.9212
2021,23.1881,1680.51,83.3966,6.074
2022,22.7183,2000.0,84.1901,6.018
2023,23.6776,1526.29,82.2376,6.1135
2000,23.0369,1438.81,79.4255,4.2432
2001,23.0959,1894.89,80.3432,4.2853
2002,23.2612,1325.27,80.2306,4.5903
2003,23.7873,1233.26,75.9518,4.6387
2004,23.2096,1227.07,75.5937,4.855300000000001
2005,23.6943,1429.88,74.8298,4.8891
2006,24.03,999.15,74.1092,4.8943
2007,23.7564,1201.28,73.1422,4.9869
2008,22.6686,1589.79,76.636,5.2336
2009,23.3551,1208.42,78.9285,5.2372
2010,24.0012,1138.33,74.1898,5.341600000000001
2011,22.2056,1401.81,78.0291,5.5383
2012,23.3638,1552.96,79.667,5.6353
2013,22.9317,1938.88,80.0228,5.5726
2014,23.0512,1427.58,81.7995,5.7538
2015,23.9743,1467.03,79.9639,5.7597
2016,23.565,1528.72,79.0475,5.5738
2017,23.3981,2037.01,80.9862,5.5476
2018,23.2624,2156.64,81.9131,5.818
2019,24.0771,1932.92,81.7564,5.8371
2020,23.4287,2093.2,82.5274,5.9212
2021,23.3581,1844.25,82.0593,6.074
2022,22.8817,2118.36,83.065,6.018
2023,23.9986,1425.47,79.9321,6.1135
2000,26.5698,2043.82,82.6805,4.2432
2001,26.8399,1439.11,80.8445,4.2853
2002,27.5679,1194.19,75.0881,4.5903
2003,27.3757,1302.37,76.8193,4.6387
2004,27.4534,1426.13,75.5695,4.855300000000001
2005,27.5105,1315.85,76.323,4.8891
2006,27.2022,1379.24,79.0385,4.8943
2007,27.2447,1670.15,78.214,4.9869
2008,26.8661,1439.49,79.643,5.2336
2009,26.8579,1413.54,80.4865,5.2372
2010,27.868,1533.39,76.2333,5.341600000000001
2011,26.6876,1457.68,80.5408,5.5383
2012,26.9365,1617.72,81.5633,5.6353
2013,27.6513,1012.22,75.1504,5.5726
2014,28.0021,1070.81,72.5129,5.7538
2015,28.3887,981.09,70.9382,5.7597
2016,28.2702,1211.6,74.7113,5.5738
2017,27.5574,1202.31,78.1434,5.5476
2018,27.6795,1396.02,77.0839,5.818
2019,27.6922,1389.34,77.2842,5.8371
2020,28.0316,1999.48,75.8117,5.9212
2021,26.908,1847.94,81.5109,6.074
2022,27.0159,1867.24,81.8637,6.018
2023,27.7201,1509.95,78.8803,6.1135
